text_cleaned,location_cleaned,keyword_cleaned
check nsf,live welham,ablaze
320 ir icemoon aftershocks djicemoon dusted trap music dnb erm dance ices,united states,aftershocks
320 ir icemoon aftershocks djicemoon dusted trap music dnb erm dance ices,switzerland,aftershocks
320 ir icemoon aftershocks djicemoon dusted trap music dnb erm dance ices,united states,aftershocks
320 ir icemoon aftershocks djicemoon dusted trap music dnb erm dance ices,location,aftershocks
320 ir icemoon aftershocks djicemoon dusted trap music dnb erm dance ices,switzerland,aftershocks
320 ir icemoon aftershocks djicemoon dusted trap music dnb erm dance ices,switzerland,aftershocks
aftershocks,location,aftershocks
horrible accident man died wings airplane 29072015,dubai india,airplane accident
horrible accident man died wings airplane 29072015,sri lanka,airplane accident
experts france begin examining airplane debris found reunion island french air accident experts wed,location,airplane accident
experts france begin examining airplane debris found reunion island french air accident experts wednesday began examining,location,airplane accident
twelve feared killed pakistan air ambulance helicopter crash,location,ambulance
twelve feared killed pakistan air ambulance helicopter crash,amsterdam,ambulance
ambulance sprinter automatic frontline vehicle choice 14 let compliant bay,happily married 2 kids,ambulance
twelve feared killed pakistan air ambulance helicopter crash,location,ambulance
twelve feared killed pakistan air ambulance helicopter crash,karachi,ambulance
ambulance sprinter automatic frontline vehicle choice 14 let compliant bay,happily married 2 kids,ambulance
ambulance sprinter automatic frontline vehicle choice 14 let compliant bay,happily married 2 kids,ambulance
twelve feared killed pakistan air ambulance helicopter crash,l,ambulance
twelve feared killed pakistan air ambulance helicopter crash,lexington,ambulance
twelve feared killed pakistan air ambulance helicopter crash,location,ambulance
twelve feared killed pakistan air ambulance helicopter crash worldnews,hannover germany,ambulance
twelve feared killed pakistan air ambulance helicopter crash,playa,ambulance
cop pulls drunk driver safety seconds car hit train via viral spell,location,annihilated
luka die everything annihilated alois tracy,tracy manor,annihilated
cop pulls drunk driver safety seconds car hit train via viral spell,location,annihilated
us national park services tonto national forest stop annihilation salt river wild horse via change,location,annihilation
us national park services tonto national forest stop annihilation salt river wild horse via change,ca physically boston strong,annihilation
us national park services tonto national forest stop annihilation salt river wild horse via change,location,annihilation
us national park services tonto national forest stop annihilation salt river wild horse via change,coolidge a,annihilation
us national park services tonto national forest stop annihilation salt river wild horse via change,tacomawashington,annihilation
world annihilation vs self transformation aliens attack exterminate humans,subconscious la,annihilation
us national park services tonto national forest stop annihilation salt river wild horse via change,big houstonbostondenver,annihilation
us national park services tonto national forest stop annihilation salt river wild horse via change,chandler a,annihilation
official vid double-up trudge prod thisizbwright armageddon,flightcity uk,armageddon
abeyance pick fan army beyond hive,location,army
wwf wwii japanese army navy military japan leather watch war mid wwf 2 full read bay,new york,army
wwf wwii japanese army navy military japan leather watch war mid wwf 2 full read bay,location,army
one direction pick fan army directions,,army
mourning notices stabbing arson victims stir politics grief israel,jerusalem,arson
visit police visit hunt students failed arson plot police visit hunt students countynews,elmore kenya,arson
mourning notices stabbing arson victims stir politics grief israel,location,arson
owner chicagoarea gay bar admits arson scheme via theadvocatemag lgb,chicago,arson
owner chicagoarea gay bar admits arson scheme lgb,earth,arson
mourning notices stabbing arson victims stir politics grief israel,jerusalem israel,arson
owner chicagoarea gay bar admits arson scheme lgb,location,arson
arson suspect linked 30 fires caught northern california,location,arson
arson suspect linked 30 fires caught northern california,bleak house,arsonist
nashville theater attack gun grabber demand hatchet control,location,attack
christian attacked muslims temple mount waving israeli flag via pamela geller,location,attacked
christian attacked muslims temple mount waving israeli flag via pamela geller,location,attacked
christian attacked muslims temple mount waving israeli flag via pamela geller,london,attacked
christian attacked muslims temple mount waving israeli flag via pamela geller,location,attacked
christian attacked muslims temple mount waving israeli flag via pamela geller,seaman florida,attacked
christian attacked muslims temple mount waving israeli flag via pamela geller,groningen netherlands europe,attacked
christian attacked muslims temple mount waving israeli flag via pamela geller,livingston il usa,attacked
christian attacked muslims temple mount waving israeli flag via pamela geller,arundel,attacked
christian attacked muslims temple mount waving israeli flag via pamela geller,america,attacked
christian attacked muslims temple mount waving israeli flag via pamela geller,united states,attacked
christian attacked muslims temple mount waving israeli flag via pamela geller,israel,attacked
christian attacked muslims temple mount waving israeli flag via pamela geller,hammock fl usa,attacked
christian attacked muslims temple mount waving israeli flag via pamela geller,so paulo sp brasil,attacked
christian attacked muslims temple mount waving israeli flag via pamela geller,oslo norway,attacked
musician halle matson recreates 34 classic album covers clever music video avalanche,jersey city new jersey,avalanche
star wars power jedi collection 1 battle droid hasbro full read bay,new york,battle
feel longer transport bioterror germs wake anthrax lab mishaps via stoday,wilmington de,bioterror
world feel longer transport bioterror germs wake anthrax lab mishaps,location,bioterror
feel longer transport bioterror germs via stoday,atlanta ga,bioterror
feel longer transport bioterror germs wake anthrax lab mishaps via stoday,melbourne florida,bioterror
feel longer transport bioterror germs wake anthrax lab mishaps,location,bioterror
feel longer transport bioterror germs wake anthrax lab mishaps,moon,bioterror
feel longer transport bioterror germs wake anthrax lab mishaps,location,bioterror
stoday today front page bioterror lab faced secret sanctions rick perry make cut foxes,spot finland,bioterror
feel longer transport bioterror germs wake anthrax lab mishaps via stoday,location,bioterror
fight bioterrorism sir,location,bioterrorism
fight bioterrorism sir,location,bioterrorism
fight bioterrorism sir,location,bioterrorism
morgan silver dollar 1880 gem bu dml cameo rev blazing ms high grade full read,new york,blazing
cleveland heights shaker heights fight blight house next door,location,blight
new ladies shoulder tote handbag women cross body bag faux leather fashion purse full,new york,body bag
louis vuitton monogram sophie limited edition clutch cross body bag full read bay,new york,body bag
new ladies shoulder tote handbag women cross body bag faux leather fashion purse full,location,body bag
new summer long thin body bag hip word skirt blue,location,body bag
of new ladies shoulder tote handbag faux leather hobo purse cross body bag womens rt en,california usa,body bag
louis vuitton monogram sophie limited edition clutch cross body bag full read bay,new york,body bag
new ladies shoulder tote handbag faux leather hobo purse cross body bag womens,paignton,body bag
new ladies shoulder tote handbag faux leather hobo purse cross body bag womens,paignton,body bag
louis vuitton monogram sophie limited edition clutch cross body bag full read bay,new york,body bag
new ladies shoulder tote handbag faux leather hobo purse cross body bag womens,paignton,body bag
new ladies shoulder tote handbag faux leather hobo purse cross body bag womens full read,new york,body bag
womens buckle casual stylish shoulder handbags pockets cross body bags green,location,body bags
new documents found pointing japan wwii atomic bomb program,location,bomb
guardian view hiroshima legacy still shadow bomb editorial world longs cas,location,bomb
cryptic words guided pilots hiroshima bombing mission,location,bombing
japan marks with anniversary hiroshima atomic bombing,overland park ks,bombing
japan marks with anniversary hiroshima atomic bombing,sumo,bombing
japan marks with anniversary hiroshima atomic bombing,puerto rico,bombing
japan marks with anniversary hiroshima atomic bombing,location,bombing
japan thursday marks with anniversary atomic bombing hiroshima senior official washington ever schedule,singapore,bombing
two giant cranes holding bridge collapse nearby homes,location,bridge collapse
two giant cranes holding bridge collapse nearby homes,united states,bridge collapse
two giant cranes holding bridge collapse nearby homes,location,bridge collapse
two giant cranes holding bridge collapse nearby homes,playa del carmen mexico,bridge collapse
two giant cranes holding bridge collapse nearby homes,location,bridge collapse
ashes 2015 australia collapse trent bridge among worst history england bundled australia 60,location,bridge collapse
two giant cranes holding bridge collapse nearby homes,location,bridge collapse
marshall plan united states zambia mayo via probyn open via post,location,bridge collapse
fire hazard associated installation noncompliance external cladding,world wide,buildings on fire
tweetlikeitsseptember11th2001 two buildings fire,united kingdom,buildings on fire
mmmm burning burning buildings building oooooohhhh oooh ooh,mackay old australia,burning buildings
mentally preparing bomb ass school year burning buildings,st charles md,burning buildings
fewmoretweets lives matter fan burning buildings stealing neighbors protest,location,burning buildings
themagickidraps upset rally upset burning buildings businesses executing cops nothing etc,,burning buildings
burning buildings media outrage,new orleans louisiana,burning buildings
like music video want real action shit like burning buildings police chases weak ben winston shit,dallas,burning buildings
minimehh joyner must overlooking burning buildings blacklivesmatter,madison ga,burning buildings
schools western uganda still burning buildings strikes strikes western uganda always lit literally,hell,burning buildings
pledge allegiance pope burning buildings epic city,epic city bb,burning buildings
ted cruz fires back job bush lose republicans like job mitt video,location,bush fires
drought fuels bush fires jamaica jamaicaobserver newsline,wolters trust school boys,bush fires
ted cruz fires back job bush lose republicans like job mitt video,location,bush fires
ted cruz fires back job bush lose republicans like job mitt video,location,bush fires
afghanistan sharp rise women children casualties first half 2015,location,casualties
catastrophic effects hiroshima nagasaki atomic bombings still felt today,location,catastrophic
catastrophic effects hiroshima nagasaki atomic bombings still felt today,location,catastrophic
catastrophic effects hiroshima nagasaki atomic bombings still felt today,inexpressible island,catastrophic
catastrophic effects hiroshima nagasaki atomic bombings still felt today,united states,catastrophic
learning legacy catastrophic eruption via networker,panic colorado,catastrophic
catastrophic effects hiroshima nagasaki atomic bombings still felt today,location,catastrophic
catastrophic effects hiroshima nagasaki atomic bombings still felt today,inexpressible island,catastrophic
learning legacy catastrophic eruption new yorker,planet earth,catastrophic
learning legacy catastrophic eruption new yorker,planet earth,catastrophic
chemical brothers play armory sf tomorrow night emergency bay area erm announcement chem,location,chemical emergency
emergency units simulate chemical explosion nu suppose student research labs northwestern,evanston il,chemical emergency
downtown emergency service center hiring chemical dependency counsellor intern seattle apply jobs,seattle washington,chemical emergency
hope fall cliff,colchester essex,cliff fall
photographer brian rubs endures 4500feet climb capture bride groom,inside mind,cliff fall
correction tent collapse story,nigeria,collapse
warne shocked australia epic collapse trent bridge johannesburg aug 06 and legendary australian,dubai india,collapse
petition heartless owner whipped horse collapsed told keep animal act,spoke wa,collapsed
petition heartless owner whipped horse collapsed told keep animal act,location,collapsed
newswatch 2 vehicles collided lock lansdowne sts pto emerge crews way,peterborough on,collided
16 dead russia bus accident least 16 people killed 26 others injured two buses collided,dubai,collided
motorcyclist bicycles injured denver collision broadway least two people taken local,armada co,collision
motorcyclist bicycles injured denver collision broadway least two people taken local,denver co,collision
motorcyclist bicycles injured denver collision broadway,denver colorado,collision
crushed,location,crushed
wrap us cable tv companies shares crushed disney disappoints,online,crushed
wrap us cable tv companies shares crushed disney disappoints,sunny south florida,crushed
bbc forced retract false claims cyclone pam via wordpressdotcom,cornwall,cyclone
ariana grande screamqueens katherine death,location,death
cancers equate around 25 deaths blackpool knowing signs could save life beclearoncancer,blackpool,deaths
mh370 aircraft debris found la reunion missing malaysia airlines,location,debris
mh370 aircraft debris found la reunion missing malaysia airlines,location,debris
reunion debris almost surely flight 370 officials say new york times,location,debris
mh370 aircraft debris found la reunion missing malaysia airlines,location,debris
mh370 aircraft debris found la reunion missing malaysia airlines,location,debris
malaysia confirms plane debris washed reunion island flight mh370,nigeria,debris
deluged low self-image take quiz,manchester,deluged
businesses deluged invoices make stand colour shape likely rise top pay pile,location,deluged
enough government demolish illegal structures international conference centre,wea building,demolish
enough government demolish illegal structures international conference centre,port harcourt nigeria,demolish
finally demolished spring 2013 property sat vacant since saddlebrooke,newcastle,demolished
finally demolished spring 2013 property sat vacant since saddlebrooke,,demolished
general news demolition houses waterways begins achimota mile 7 via 233liveonline full story,location,demolition
bbc news india rail crash trains derail madhya pradesh flash flood,home,derail
bbc news india rail crash trains derail madhya pradesh flash flood,location,derail
24 killed two simultaneous rail crash acute floods derail two trains india dubai,nairobikenya,derail
madhya pradesh train derailment village youth saved many lives,india,derailment
madhya pradesh train derailment village youth saved many lives,location,derailment
madhya pradesh train derailment village youth saved many lives group villagers saved 70 passengers lives two train,location,derailment
madhya pradesh train derailment village youth saved many lives,india,derailment
madhya pradesh train derailment village youth saved many lives group villagers saved 70 passengers lives two train,location,derailment
latest trains derailment freakish freak accidents indian express india indiannews,dubai,derailment
25 killed 50 injured madhya pradesh twin train derailment,location,derailment
trains derailment freakish freak accidents indian express,india,derailment
consent order cleanup underway cox derailment site knoxville news sentinel,palo alto california,derailment
madhya pradesh train derailment village youth saved many lives,location,derailment
floor two people dead 60 houses destroyed kaduna two people reportedly killed 60 houses ut,studio,destroyed
crackdown 3 destruction restricted multi-layer crackdown 3 impressed earlier week demonstration,location,destruction
crackdown 3 destruction restricted multi-layer crackdown 3 impressed earlier week demonstration,location,destruction
spinningbot another standuser detonate killer queen,moriah japan,detonate
apollo brown detonate f mop,memphis world wide,detonate
tinyjecht another standuser detonate killer queen,moriah japan,detonate
detonate feat mop apollo brown,bronx nec city ny,detonate
spinningbot another standuser detonate killer queen,moriah japan,detonate
tinyjecht another standuser detonate killer queen,moriah japan,detonate
ignition knock detonation sensorsenso standard s4,location,detonation
detonation fashionable mountaineering electronic watch water-resistant couples leisure tab,new york,detonation
detonation fashionable mountaineering electronic watch water-resistant couples leisure tab,new york,detonation
ignition knock detonation sensorsenso standard s11,location,detonation
richmond coaches devastated hear death second driver mr chance sitting jam,birmingham,devastated
ibama declares disaster typhoon devastated sapan ibama signs disaster declaration northern marian,j,devastated
richmond coaches devastated hear death second driver mr chance sitting jam,london,devastated
ibama declares disaster typhoon devastated sapan ibama signs disaster declaration northern marian,location,devastated
ibama declares disaster typhoon devastated sapan ibama signs disaster declaration northern marian,indonesia,devastated
ibama declares disaster typhoon devastated sapan ibama signs disaster declaration northern marian,accra ghana,devastated
70 years atomic bombs japan still struggles war past anniversary devastation wrought b,news,devastation
70 years atomic bombs japan still struggles war past anniversary devastation wrought b,location,devastation
70 years atomic bombs japan still struggles war past anniversary devastation wrought b,united states,devastation
70 years atomic bombs japan still struggles war past anniversary devastation wrought b,contactsimplenews malcom,devastation
70 years atomic bombs japan still struggles war past anniversary devastation wrought b,upper manhattan new york,devastation
70 years atomic bombs japan still struggles war past anniversary devastation wrought b,brasil,devastation
70 years atomic bombs japan still struggles war past anniversary devastation wrought b,location,devastation
70 years atomic bombs japan still struggles war past anniversary devastation wrought b,location,devastation
70 years atomic bombs japan still struggles war past anniversary devastation wrought b,location,devastation
disaster averted police kill gunman hoax device cinema,atlanta,disaster
ca votejkt48id news update family 3 displaced fired damaged housed near with osborn fire extinguished,location,displaced
pots strategic patience strategy genocide refugees idp internally displaced people horror etc,paedophile hunting ground,displaced
pots strategic patience strategy genocide refugees idp internally displaced people horror etc,paedophile hunting ground,displaced
pots strategic patience strategy genocide refugees idp internally displaced people horror etc,paedophile hunting ground,displaced
pots strategic patience strategy genocide refugees idp internally displaced people horror etc,paedophile hunting ground,displaced
angry woman openly accuses enema stealing relief materials meant internally displaced people angry internally displaced wom,nigeria,displaced
myanmar displaced rohingya little point return prison like conditions genocide when msf refugees,uk germany,displaced
myanmar displaced rohingya little point return prison like conditions genocide when msf refugees,paedophile hunting ground,displaced
angry woman openly accuses enema stealing relief materials meant internally displaced people angry internally displaced wom,nigeria,displaced
us record hurricane drought,chappaqua ny redlands ca,drought
us record hurricane drought,location,drought
elf talk world news us record hurricane drought united states hit major hurricane,location,drought
jacksonville family bands together memorial planned toddler florida,colorado springs,drowned
hundreds feared drowned migrant boat capsized libya,usa global members site,drowned
drowning girl caitlin r kiernan centipede press signed numbered limited full,location,drowning
drowning girl caitlin r kiernan centipede press signed numbered limited full,location,drowning
drowning girl caitlin r kiernan centipede press signed numbered limited full,new york,drowning
kids disappear dust storm atmospheric aussie thriller rt newzsacramento,location,dust storm
new mad max screenshots show lovely dust storm combat magnum opus,worldwide,dust storm
severe storm weakening moves se towards lubbock area outflow boundary may create dust 50 mph gusts,location,dust storm
new mad max screenshots show lovely dust storm combat magnum opus,dutchenglishgerman,dust storm
earthquake drill,keepthefaith jj,earthquake
photo weallheartonedirection couldnt let david electrocute im asshole,,electrocute
survival kit whistle fire starter wire saw cree torch emergency blanket knife full,new york,emergency
men escape car engulfed flames parley canyon crews investigating cause,location,engulfed
men escape car engulfed flames parley canyon crews investigating cause,location,engulfed
came land engulfed tribal war turned land peace ie marina prophet muhammad islam,kuwait,engulfed
came land engulfed tribal war turned land peace ie marina prophet muhammad islam,bahrain,engulfed
men escape car engulfed flames parley canyon crews investigating cause,location,engulfed
came land engulfed tribal war turned land peace ie marina prophet muhammad islam,location,engulfed
feel engulfed low self-image take quiz,location,engulfed
came land engulfed tribal war turned land peace ie marina prophet muhammad islam,location,engulfed
engulfed low self-image take quiz,kenosha wi 53143,engulfed
came land engulfed tribal war turned land peace ie marina prophet muhammad islam,location,engulfed
men escape car engulfed flames parley canyon crews investigating cause,location,engulfed
men escape car engulfed flames parley canyon crews investigating cause,location,engulfed
men escape car engulfed flames parley canyon crews investigating cause,location,engulfed
feel engulfed low self-image take quiz,coventry,engulfed
trafford centre film fans angry odeon cinema evacuated following false fire alarm twitter users tell,manchester uk,evacuated
trafford centre film fans angry odeon cinema evacuated following false fire alarm,harpurhey manchester uk,evacuated
rocky fire northern california swells 60000 acres 12000 evacuated portland phoenix miami atlanta casper,west,evacuated
elm polo helping displaced rocky fire please consider elm evacuation center via gofundme,natinixw hoops berkeley,evacuation
batfanuk enjoyed show today great fun emergency non evacuation interesting great run,renfrew scotland,evacuation
new evacuation ordered 25 homes danger why 8 fire near roosevelt wash koin6news,portland ore,evacuation
learn gained access secrets top earners used explode home business please rt,location,explode
learn gained access secrets top earners used explode home business please rt,location,explode
learn gained access secrets top earners used explode home business please rt,location,explode
learn gained access secrets top earners used explode home business please rt,location,explode
dress memes officially exploded internet,united states,exploded
dress memes officially exploded internet,location,exploded
exploded brought beginning universe matches mentioned verstehen heaven earth thus universe,location,exploded
new explosionproof tempered glass screen protector film blackberry z1 full read,location,explosion
new explosionproof tempered glass screen protector film blackberry z1 full read,new york,explosion
new explosionproof tempered glass screen protector film blackberry z1 full read,new york,explosion
new explosionproof tempered glass screen protector film blackberry z1 full read,new york,explosion
read eyewitness account hiroshima day 1945 life,philippines,eyewitness
dk eyewitness travel guide denmark travel guide bay auctions keep eye,location,eyewitness
dk eyewitness travel guide denmark travel guide bay auctions keep eye,location,eyewitness
food crematoria provoke outrage amid crisis famine memories,location,famine
russian food crematoria provoke outrage amid crisis famine memories,location,famine
russian food crematoria provoke outrage amid crisis famine memories,san francisco,famine
11yearold boy charged manslaughter toddler report 11yearold boy charged manslaughter fatal sh,taranaki,fatal
11yearold boy charged manslaughter toddler report 11yearold boy charged manslaughter fatal sh,thane,fatal
11yearold boy charged manslaughter toddler report 11yearold boy charged manslaughter fatal sh,location,fatal
11yearold boy charged manslaughter toddler report 11yearold boy charged manslaughter fatal sh,location,fatal
investigators shift focus cause fatal climate fire,,fatal
11yearold boy charged manslaughter toddler report 11yearold boy charged manslaughter fatal sh,location,fatal
11yearold boy charged manslaughter toddler report 11yearold boy charged manslaughter fatal sh,bangalore,fatal
11yearold boy charged manslaughter toddler report 11yearold boy charged manslaughter fatal sh,diaper,fatal
investigators shift focus cause fatal climate fire,location,fatal
11yearold boy charged manslaughter toddler report 11yearold boy charged manslaughter fatal sh,location,fatal
11yearold boy charged manslaughter toddler report 11yearold boy charged manslaughter fatal sh,location,fatal
investigators shift focus cause fatal climate fire,location,fatal
fatality,rafael castillo,fatality
fatality,enterprise nv,fatality
kosciusko police investigating pedestrian fatality hit train thursday,united states,fatality
fatality,location,fatality
liked couture video vgbootcamp x 109 sn bengal ss vs sas fatality captain falcon,christianatennessee,fatality
fatality,honduras,fatality
put fire still burning,location,fire
sigibert north southbound 133 closed btw 5 fly irvine bled due truck fire chp devouring traffic,orange county ca,fire struck
help says denver firefighter working curb first responder suicide,bloomington indiana,first responders
new snap tools black baseball hatch silver-grey embroidered logo flames full,new york,flames
new snap tools black baseball hatch silver-grey embroidered logo flames full,new york,flames
maryland mansion fire killed 6 caused damaged plug christmas tree report says flames,usa,flames
maryland mansion fire killed 6 caused damaged plug christmas tree report says flames,somewhere around,flames
100 1 mix new flat double sided lifeless bottle caps choose mix flattened full,new york,flattened
spot flood combo 53 inch r3000 curved cree led work light bar x4 off-road fog lamp full,new york,flood
spot flood combo 53 inch r3000 curved cree led work light bar x4 off-road fog lamp full,new york,flood
pcs now cree led work light off-road lamp car truck boat mining owd flood beam full rea,new york,flood
pcs now cree led work light off-road lamp car truck boat mining owd flood beam full rea,new york,flood
pcs now cree led work light off-road lamp car truck boat mining owd flood beam full rea,new york,flood
spot flood combo 53 inch r3000 curved cree led work light bar x4 off-road fog lamp full,new york,flood
spot flood combo 53 inch r3000 curved cree led work light bar x4 off-road fog lamp full,new york,flood
spot flood combo 53 inch r3000 curved cree led work light bar x4 off-road fog lamp full,new york,flood
spot flood combo 53 inch r3000 curved cree led work light bar x4 off-road fog lamp full,new york,flood
12 now cree led work light bar alloy spot flood combo diving off-road owd boat full read,new york,flood
cuban leader extends sympathy vietnam flooding,vietnam,flooding
bringing tornadoes floods bringing climate change god america plaguing farrakhan quote,location,floods
bringing tornadoes floods bringing climate change god america plaguing farrakhan quote,location,floods
fire pisa national forest grows 375 acres,seville nc,forest fire
one careless match start forest fire takes whole box start campfire,atlanta,forest fire
strong thunderstorm 4 miles north apton moving se 25 mph large hail wind gusts 50 mph poss are,united states,hail
new warning central hills 1 hail 60 mph winds affecting surges could later tonight kotaweather,location,hail
choking hazard prompts recall kraft cheese singles,pleasant ca,hazard
caution breathing may hazardous health,location,hazardous
foodscare offers2go nestle india slips loss magginoodle ban unsafe hazardous human consumption,mysore karnataka,hazardous
skinny jeans hazardous health social news,canada,hazardous
foodscare offers2go nestle india slips loss magginoodle ban unsafe hazardous human consumption,new delhi delhi,hazardous
skinny jeans hazardous health social news,british columbia canada,hazardous
prophet peace upon said save hellfire even giving half date charity,riyadh,hellfire
beware temper loose tongue two dangerous weapons combined lead person hellfire islam,location,hellfire
prophet peace upon said save hellfire even giving half date charity,location,hellfire
allah describes piling wealth thinking would last forever description people hellfire sarah humana reflect,,hellfire
beware temper loose tongue two dangerous weapons combined lead person hellfire islam,location,hellfire
prophet peace upon said save hellfire even giving half date charity,location,hellfire
hellfire surrounded desires careful dont let desires control afterlife,location,hellfire
hellfire surrounded desires careful dont let desires control afterlife islam,,hellfire
prophet peace upon said save hellfire even giving half date charity,location,hellfire
hellfire dont even want think mention let us anything leads,location,hellfire
allah describes piling wealth thinking would last forever description people hellfire sarah humana reflect,,hellfire
hellfire surrounded desires careful dont let desires control afterlife,location,hellfire
prophet peace upon said save hellfire even giving half date charity,location,hellfire
hellfire dont even want think mention let us anything leads islam,riyadh,hellfire
tension bayles patience jonathan plans hijack apc pdp,location,hijack
day bug fully patched os x comes active exploit bypass password ars technical,location,hijack
swansea plot hijack transfer move southampton target virgil van dijk,location,hijack
tension bayles patience jonathan plans hijack apc pdp,nigeria,hijack
bayles poll tension bayles patience jonathan plans hijack apc pdp plans former first lady,everywhere,hijack
tension bayles patience jonathan plans hijack apc pdp,miami florida,hijack
swansea plot hijack transfer move southampton target virgil van dijk,location,hijack
bayles poll tension bayles patience jonathan plans hijack apc pdp plans former first lady,nigeria,hijack
remove injury browser hijacker,saratoga fl,hijacker
remove injury browser hijacker,fort collins co,hijacker
remove injury browser hijacker,halifax,hijacker
governor allows parole school bus hijacker,location,hijacker
remove injury browser hijacker,location,hijacker
remove injury browser hijacker,west chester pa,hijacker
governor allows parole school bus hijacker,location,hijacker
governor weighs parole california school bus hijacker,california,hijacker
rt notexplaine known image infamous hijacker db cooper,worldwide,hijacker
remove injury browser hijacker,el paso tx,hijacker
hot antenna hijacking computers send data sound waves black hat 2015 firebreak best,mongolia,hijacking
hot antenna hijacking computers send data sound waves black hat 2015 firebreak best,brisbane australia,hijacking
hot antenna hijacking computers send data sound waves black hat 2015 firebreak best,china,hijacking
hot antenna hijacking computers send data sound waves black hat 2015 firebreak best,chiyoda ward tokyo,hijacking
hot antenna hijacking computers send data sound waves black hat 2015 firebreak best,rome,hijacking
murderous story americas first hijacking,athensgreece,hijacking
hot antenna hijacking computers send data sound waves black hat 2015 firebreak best,eastcarolina,hijacking
hot antenna hijacking computers send data sound waves black hat 2015 firebreak best,brazil,hijacking
hot antenna hijacking computers send data sound waves black hat 2015 firebreak best,location,hijacking
hot antenna hijacking computers send data sound waves black hat 2015 firebreak best,france,hijacking
hot antenna hijacking computers send data sound waves black hat 2015 firebreak best,location,hijacking
hot antenna hijacking computers send data sound waves black hat 2015 firebreak best,tokyo,hijacking
hot antenna hijacking computers send data sound waves black hat 2015 firebreak best,china,hijacking
hot antenna hijacking computers send data sound waves black hat 2015 firebreak best,brazil,hijacking
hot antenna hijacking computers send data sound waves black hat 2015 firebreak best,location,hijacking
hot antenna hijacking computers send data sound waves black hat 2015 firebreak best,japan,hijacking
murderous story americas first hijacking,malaysia,hijacking
murderous story americas first hijacking,location,hijacking
hot antenna hijacking computers send data sound waves black hat 2015 firebreak best,location,hijacking
islamic state group egypt threatens kill croat hostage,marvels bataan,hostage
islamic state group egypt threatens kill croat hostage,roaming around world,hostage
hot c-130 specially modified land stadium rescue hostages iran 1980 firebreak best,las vegas nv,hostages
hot c-130 specially modified land stadium rescue hostages iran 1980 firebreak best,tennessee,hostages
hot c-130 specially modified land stadium rescue hostages iran 1980 firebreak best,location,hostages
c-130 specially modified land stadium rescue hostages iran 1980,heathrow,hostages
hot c-130 specially modified land stadium rescue hostages iran 1980 firebreak best,cuba,hostages
hot c-130 specially modified land stadium rescue hostages iran 1980 firebreak best,china,hostages
news hostages libya india terrorism africa ap ts sri news try top bjp,location,hostages
news hostages libya india terrorism africa ap ts sri news try top bjp,location,hostages
hot c-130 specially modified land stadium rescue hostages iran 1980 firebreak best,eastcarolina,hostages
hot c-130 specially modified land stadium rescue hostages iran 1980 firebreak best,china,hostages
hurricane guillermo live noaa tracking looping wedaug5th,haiku maui hawaii,hurricane
cluedo turbine hurricane h bluetooth 41 wireless stereo headphones headset bulk full,new york,hurricane
hurricane guillermo live noaa tracking looping wedaug5th,globe,hurricane
cluedo turbine hurricane h bluetooth 41 wireless stereo headphones headset bulk full,location,hurricane
udhampur terror attack militants attack police post 2 spos injure suspected militants tonight attacked p,location,injured
udhampur terror attack militants attack police post 2 spos injure suspected militants tonight attacked p,india,injured
traffic collision injury in in hard ave offramp south sac,sacramento ca,injury
cleareincident injuryi495 inner loop exit 31 md 97 georgia ave silver spring,location,injury
cleareincident injuryi495 inner loop exit 31 md 97 georgia ave silver spring,location,injury
enter world extreme diving 9 stories volga river,nairobi kenya,injury
enter world extreme diving 9 stories volga river,location,injury
incident injuryi495 inner loop exit 31 md 97 georgia ave silver spring,location,injury
lais girl advertised new friend replace loved off inundated,ireland,inundated
lava,,lava
lava,venezuela,lava
expect gusty winds heavy downpours lightning moving northeast toward va,winstonsalem north carolina,lightning
world war ii book lightning joe autobiography general j lawton collins,location,lightning
lightning strike distance via epics pics,geddit,lightning
royalcarribean passengers know mass murder takes place faroe islands every year,anonymous,mass murder
raynbowaffair editor chief diamondkesawn releases issue 7 raman fashion models mayhem,globalworldwide,mayhem
raynbowaffair editor chief diamondkesawn releases issue 7 raman fashion models mayhem,bostonmontreal,mayhem
tonight going mayhem 4playthursdays everybody free text 1716 st nw 18,pg county md,mayhem
slayer reflects low mayhem festival attendance king diamond jeff hangman passing,location,mayhem
raynbowaffair editor chief diamondkesawn releases issue 7 raman fashion models mayhem,worldwideboston,mayhem
liked couture video itsjustinstuart gun range mayhem,detroit michigan,mayhem
surrender results full metal mayhem world title match bully ray taken career comes end,10718 l9th street,mayhem
mike manner discusses trust betrayed via couture military veterans environment,united states,military
13 reasons love women military lulgzimbestpicts,boston,military
13 reasons love women military lulgzimbestpicts,,military
13 reasons love women military lulgzimbestpicts,302,military
top insurer blasts lack australian govt action disaster mitigation via sh,location,natural disaster
natural disaster get angry,litchfield kentucky,natural disaster
3 former executives prosecuted fukushima nuclear disaster,location,nuclear disaster
3 former executives prosecuted fukushima nuclear disaster,location,nuclear disaster
3 former executives prosecuted fukushima nuclear disaster,united states,nuclear disaster
us navy sidelines 3 newest subs,den holder rijkswerf,nuclear reactor
salem 2 nuclear reactor shut electrical circuit failure pump,location,nuclear reactor
watch sarah palin obliterate planned parenthood targeting minority women tbsp,ec,obliterate
watch sarah palin obliterate planned parenthood targeting minority women tbsp,texas,obliterate
obliterated,prob turning sheen,obliterated
drunk meals 101 cook totally obliterated,reading,obliterated
drunk meals 101 cook totally obliterated,1313 patrick st frederick,obliterated
drunk meals 101 cook totally obliterated,winnipeg manitoba,obliterated
god order obliteration ancient canaanites,new orleans louisiana,obliteration
god order obliteration ancient canaanites,dc metro area,obliteration
god order obliteration ancient canaanites via worldnetdaily,location,obliteration
refugia oil spill may costlier bigger projected,los angeles ca,oil spill
refugia oil spill may costlier bigger projected,las vegas nevada,oil spill
refugia oil spill may costlier bigger projected,location,oil spill
refugia oil spill may costlier bigger projected,california,oil spill
refugia oil spill may costlier bigger projected,street dallas,oil spill
refugia oil spill may costlier bigger projected,los angeles ca,oil spill
refugia oil spill may costlier bigger projected,street dallas,oil spill
news refugia oil spill may costlier bigger projected,karachi pakistan,oil spill
refugia oil spill may costlier bigger projected,location,oil spill
news refugia oil spill may costlier bigger projected,lyallpur pakistan,oil spill
refugia oil spill may costlier bigger projected,location,oil spill
la times refugia oil spill may costlier bigger projected,united kingdom,oil spill
california spring oil spill estimate grows associated press via not,corpus christi,oil spill
families sue legionnaires 40 families affected fatal outbreak legionnaires dista,location,outbreak
families sue legionnaires 40 families affected fatal outbreak legionnaires dista,lagos,outbreak
legionnaires disease done stop deadly outbreak,,outbreak
families sue legionnaires 40 families affected fatal outbreak legionnaires dista,,outbreak
families sue legionnaires 40 families affected fatal outbreak legionnaires dista,location,outbreak
families sue legionnaires 40 families affected fatal outbreak legionnaires disease edinburgh,location,outbreak
families sue legionnaires 40 families affected fatal outbreak legionnaires dista,bandung,outbreak
families sue legionnaires 40 families affected fatal outbreak legionnaires dista,united states,outbreak
families sue legionnaires 40 families affected fatal outbreak legionnaires dista,italy,outbreak
families sue legionnaires 40 families affected fatal outbreak legionnaires dista,los angeles ca,outbreak
families sue legionnaires 40 families affected fatal outbreak legionnaires dista,location,outbreak
families sue legionnaires 40 families affected fatal outbreak legionnaires dista,it 64884005241090153352798039832285,outbreak
families sue legionnaires 40 families affected fatal outbreak legionnaires dista,azure city onto state,outbreak
families sue legionnaires 40 families affected fatal outbreak legionnaires dista,netherlands,outbreak
families sue legionnaires 40 families affected fatal outbreak legionnaires dista,location,outbreak
families sue legionnaires 40 families affected fatal outbreak legionnaires dista,anywhere,outbreak
families sue legionnaires 40 families affected fatal outbreak legionnaires dista,finland,outbreak
families sue legionnaires 40 families affected fatal outbreak legionnaires dista,kano,outbreak
families sue legionnaires 40 families affected fatal outbreak legionnaires dista,254 of of of,outbreak
families sue legionnaires 40 families affected fatal outbreak legionnaires dista,hammam ksa,outbreak
pandemonium aba woman delivers baby without face photos,dallas farnworth,pandemonium
pandemonium aba woman delivers baby without face photos,location,pandemonium
pandemonium aba woman delivers baby without face photos,von island lagos,pandemonium
pandemonium aba woman delivers baby without face photos,houston tx,pandemonium
world class girl ass 02 scene 4 pandemonium,location,pandemonium
pandemonium aba woman delivers baby without face photos,,pandemonium
pandemonium aba woman delivers baby without face photos,dallas farnworth,pandemonium
pandemonium aba woman delivers baby without face photos,illinois united state,pandemonium
pandemonium aba woman delivers baby without face photos,los angeles,pandemonium
pandemonium aba woman delivers baby without face photos,location,pandemonium
pandemonium aba woman delivers baby without face photos,everywhere,pandemonium
new post people finally panicking cable tv,location,panicking
people finally panicking cable tv,derbyshire united kingdom,panicking
people finally panicking cable tv,south florida,panicking
geddit updates content policy promises quarantine extremely offensive communities,location,quarantine
geddit quarantine offensive content,joshua tree ca,quarantine
geddit updates content policy promises quarantine extremely offensive communities,location,quarantine
geddit quarantine offensive content,location,quarantine
geddit quarantine offensive content,location,quarantine
geddit quarantine offensive content geddit co-founder ceo steve hoffman unveiled specify,southern california,quarantine
geddit quarantine offensive content geddit co-founder ceo steve hoffman unveiled specify,nec new york,quarantine
geddit quarantine offensive content geddit co-founder ceo steve hoffman unveiled specify,via lìáctea,quarantine
geddit quarantine offensive content,new york united states,quarantine
geddit quarantine offensive content,location,quarantine
geddit quarantine offensive content,location,quarantine
geddit updates content policy promises quarantine extremely offensive communities,london,quarantine
geddit quarantine offensive content,world,quarantine
geddit quarantine offensive content,location,quarantine
geddit quarantine offensive content,location,quarantine
top link geddit new content policy goes effect many horrible subreddits banned quarantined,korea,quarantined
hot geddit new content policy goes effect many horrible subreddits banned quarantined firebreak best,russia,quarantined
geddit new content policy goes effect many horrible subreddits banned quarantined,california,quarantined
geddit new content policy goes effect many horrible subreddits banned quarantined,saratoga fl,quarantined
hot geddit new content policy goes effect many horrible subreddits banned quarantined firebreak best,melbourne,quarantined
geddit new content policy goes effect many horrible subreddits banned quarantined,rivonia mi,quarantined
top link geddit new content policy goes effect many horrible subreddits banned quarantined,location,quarantined
geddit new content policy goes effect many horrible subreddits banned quarantined,location,quarantined
top link geddit new content policy goes effect many horrible subreddits banned quarantined,china,quarantined
hot geddit new content policy goes effect many horrible subreddits banned quarantined firebreak best,mongolia,quarantined
geddit new content policy goes effect many horrible subreddits banned quarantined,location,quarantined
top link geddit new content policy goes effect many horrible subreddits banned quarantined,china,quarantined
top link geddit new content policy goes effect many horrible subreddits banned quarantined,rome,quarantined
hot geddit new content policy goes effect many horrible subreddits banned quarantined firebreak best,china,quarantined
landslide italian alps kills three rome reuters three people killed severe rainstorm th,earth,rainstorm
way move like full rainstorm house cards,ecsu16,rainstorm
latest homes razed northern california wildfire abc news,location,razed
latest homes razed northern california wildfire abc news,location,razed
latest homes razed northern california wildfire abc news,location,razed
latest homes razed northern california wildfire abc news,location,razed
latest homes razed northern california wildfire,location,razed
latest homes razed northern california wildfire,location,razed
latest homes razed northern california wildfire,location,razed
latest homes razed northern california wildfire,location,razed
latest homes razed northern california wildfire,location,razed
latest homes razed northern california wildfire abc news,location,razed
latest homes razed northern california wildfire abc news,location,razed
latest homes razed northern california wildfire abc news,location,razed
latest homes razed northern california wildfire,location,razed
latest homes razed northern california wildfire abc news,location,razed
latest homes razed northern california wildfire abc news,location,razed
latest homes razed northern california wildfire abc news,location,razed
latest homes razed northern california wildfire,location,razed
george jenna hero saved burning friend racing wildfire,nairobikenya,razed
latest homes razed northern california wildfire,location,razed
latest homes razed northern california wildfire abc news,location,razed
what 12000 nigerian refugees repatriated cameroon,location,refugees
hmm 12000 nigerian refugees repatriated cameroon,location,refugees
wow 12000 nigerian refugees repatriated cameroon,location,refugees
what 12000 nigerian refugees repatriated cameroon,location,refugees
coastal german shepherd rescue oc shared link animal rescue,sand springs oklahoma,rescue
last chance animal rescue 3 new posts animal rescue,harleychick pint runbenrun,rescue
u rescue structural collapse scott road ypres road york 14 trucks,toronto ontario,rescue
last chance animal rescue 3 new posts animal rescue,location,rescue
coastal german shepherd rescue oc shared link animal rescue,usa sema region 5,rescue
rescued med migrants arrive sicily,united states,rescued
rescued med migrants arrive sicily,cape town,rescued
video picking bodies water rescuers searching hundreds migrants mediterraneo,kuala lumpur,rescuers
video picking bodies water rescuers searching hundreds migrants mediterraneo,surabaya,rescuers
video picking bodies water rescuers searching hundreds migrants mediterraneo,location,rescuers
video picking bodies water rescuers searching hundreds migrants mediterraneo,london,rescuers
video picking bodies water rescuers searching hundreds migrants mediterranean boat carry,location,rescuers
video picking bodies water rescuers searching hundreds migrants africa news,location,rescuers
video picking bodies water rescuers searching hundreds migrants mediterranean boat carry,location,rescuers
video picking bodies water rescuers searching hundreds migrants mediterraneo,thailand,rescuers
video picking bodies water rescuers searching hundreds migrants mediterraneo,usa canada europe asia,rescuers
video picking bodies water rescuers searching hundreds migrants mediterraneo,worldwide,rescuers
video picking bodies water rescuers searching hundreds migrants mediterranean boat carry,location,rescuers
fears missing migrants rescuers search survivors boat carrying many 600 migrants,location,rescuers
stuart broad takes eight joe root runs riot aussies,dubai,riot
cindy noonan cindynoonanheartbreak baltimore rioting ahistorical undergroundrailraod,alabama,rioting
accionempresa chinas stock market crash summer sparked interest bargain hunt gerenciatodos,location,rubble
360wisenews china stock market crash gems rubble,london,rubble
china stock market crash gems rubble,california,rubble
360wisenews china stock market crash gems rubble,made detroit,rubble
360wisenews china stock market crash gems rubble,atlanta georgia,rubble
watch airport get swallowed sandstorm minute,location,sandstorm
watch airport get swallowed sandstorm minute,location,sandstorm
watch airport get swallowed sandstorm minute,united states,sandstorm
watch airport get swallowed sandstorm minute,hkxfymhex,sandstorm
watch airport get swallowed sandstorm minute,united states,sandstorm
watch airport get swallowed sandstorm minute,united states,sandstorm
watch airport get swallowed sandstorm minute,united states,sandstorm
watch airport get swallowed sandstorm minute,united states,sandstorm
watch airport get swallowed sandstorm minute,united states,sandstorm
watch airport get swallowed sandstorm minute,united states,sandstorm
watch airport get swallowed sandstorm minute,united states,sandstorm
watch airport get swallowed sandstorm minute,united states,sandstorm
watch airport get swallowed sandstorm minute,united states,sandstorm
watch airport get swallowed sandstorm minute,united states,sandstorm
watch airport get swallowed sandstorm minute,united states,sandstorm
watch airport get swallowed sandstorm minute,united states,sandstorm
watch airport get swallowed sandstorm minute,united states,sandstorm
watch airport get swallowed sandstorm minute,location,sandstorm
watch airport get swallowed sandstorm minute,united states,sandstorm
watch airport get swallowed sandstorm minute,united states,sandstorm
watch airport get swallowed sandstorm minute,united states,sandstorm
watch airport get swallowed sandstorm minute,united states,sandstorm
watch airport get swallowed sandstorm minute,united states,sandstorm
screams,,screams
exploration takes seismic shift gabon somalia,mogadishu somalia,seismic
150 foot sinkhole opens lowndes county residential area,haddonfield nj,sinkhole
horrible sinking feeling youse home phone realise g whole time,location,sinking
horrible sinking feeling youse home phone realise g whole time,location,sinking
horrible sinking feeling youse home phone realise g whole time,location,sinking
feel like sinking low self-image take quiz,liverpool,sinking
horrible sinking feeling youse home phone realise g whole time,location,sinking
feel like sinking unhappiness take quiz,duval we 25573 usa,sinking
horrible sinking feeling youse home phone realise g whole time,location,sinking
horrible sinking feeling youse home phone realise g whole time,,sinking
feel like sinking unhappiness take quiz,coventry,sinking
sassy city girl country hunk stranded smoky mountain snowstorm arms book love book boost,south usa,snowstorm
sassy city girl country hunk stranded smoky mountain snowstorm arms book love book boost,south usa,snowstorm
stretcher 5 min speaker deck,,stretcher
restore vinyl siding make look new,florida,stretcher
stretcher 5 min speaker deck,3 2,stretcher
investigators said virgin galactic spaceship crash caused structural failure co-pilot,indonesia,structural failure
investigators said virgin galactic spaceship crash caused structural failure co-pilot,bukittinggi sumatra barat,structural failure
investigators say fatal virgin galactic spaceship crash last year caused structural failure,location,structural failure
investigators rule catastrophic structural failure resulted 2014,location,structural failure
pic ayr old pkk suicide bomber detonated bomb turkey army trench released,location,suicide bomb
bestnaijamade ayr old pkk suicide bomber detonated bomb bestnaijamade bestnaijamade bestnaijamade,nigeria,suicide bomb
pic ayr old pkk suicide bomber detonated bomb turkey army trench released,lagos,suicide bomb
pic ayr old pkk suicide bomber detonated bomb turkey army trench released,nigeria,suicide bomb
bestnaijamade ayr old pkk suicide bomber detonated bomb bestnaijamade bestnaijamade bestnaijamade,nigeria,suicide bomb
pic ayr old pkk suicide bomber detonated bomb turkey army trench released,midi,suicide bomb
pic ayr old pkk suicide bomber detonated bomb turkey army trench released,location,suicide bomb
bestnaijamade ayr old pkk suicide bomber detonated bomb bestnaijamade bestnaijamade bestnaijamade,nigeria,suicide bomb
bestnaijamade ayr old pkk suicide bomber detonated bomb bestnaijamade bestnaijamade bestnaijamade,nigeria,suicide bomb
pic ayr old pkk suicide bomber detonated bomb turkey army trench released,location,suicide bomb
ayr old pkk suicide bomber detonated bomb turkey army trench released,location,suicide bomb
ayr old pkk suicide bomber detonated bomb turkey army trench released,anybody see,suicide bomb
pic ayr old pkk suicide bomber detonated bomb turkey army trench released,worldwide,suicide bomb
pic ayr old pkk suicide bomber detonated bomb turkey army trench released,na saffi,suicide bomb
ayr old pkk suicide bomber detonated bomb turkey army trench released,global,suicide bomb
bestnaijamade ayr old pkk suicide bomber detonated bomb bestnaijamade bestnaijamade bestnaijamade,nigeria,suicide bomb
suicide bomber kills 15 saudi security site mosque reuters,location,suicide bomber
suicide bomber kills 15 saudi security site mosque reuters,location,suicide bomber
suicide bomber kills 15 saudi security site mosque mercedes,location,suicide bomber
suicide bomber kills dozen saudi mosque saudi arabia started experiencing terrorist,nigeria,suicide bomber
suicide bomber kills 15 saudi security site mosque reuters,location,suicide bomber
turkish troops killed kurdish militant suicide attack,location,suicide bombing
turkish troops killed kurdish militant suicide attack,united states,suicide bombing
suicide bombing location named premonitions,location,suicide bombing
turkish troops killed kurdish militant suicide attack,united states,suicide bombing
aquarium ornament wreck sailing boat sunk ship destroyer fish tank cave decor full read,new york,sunk
hiroshima survivors fight nuclear industry brazil video,sao paulo,survivors
haunting memories drawn survivors,location,survivors
truth news bbc cnn islam truth god isis terrorism duran lies,location,terrorism
truth news bbc cnn islam truth god isis terrorism duran lies,location,terrorism
islam saving person equal reward saving humans islam opposite terrorism,riyadh,terrorism
truth news bbc cnn islam truth god isis terrorism duran lies,location,terrorism
truth news bbc cnn islam truth god isis terrorism duran lies,location,terrorism
truth news bbc cnn islam truth god isis terrorism duran lies,location,terrorism
truth news bbc cnn islam truth god isis terrorism duran lies,location,terrorism
heres media pakistan covered capture terrorist mohammed named,location,terrorist
rt abbswinston zionist terrorist kidnapped 15 palestinians overnight terror palestinian villages,mad hell,terrorist
three israeli soldiers wounded west bank terrorist attack via rworldnews,location,terrorist
usnwsgov severe weather statement issued august 05 pm edt national weather service severe thunderstorm warning,location,thunderstorm
illinois tornado slipped radar emergency officials say,naperville,tornado
fly tragedy mp live recount horror saw coaches train plunging water called,location,tragedy
fly tragedy mp live recount horror saw coaches train plunging water called,location,tragedy
fly tragedy mp live recount horror saw coaches train plunging water called,location,tragedy
fly tragedy mp live recount horror saw coaches train plunging water called,location,tragedy
fly tragedy mp live recount horror saw coaches train plunging water called,nida ncr india,tragedy
fly tragedy mp live recount horror saw coaches train plunging water called,nec international,tragedy
fly tragedy mp live recount horror saw coaches train plunging water called,location,tragedy
fly tragedy mp live recount horror saw coaches train plunging water called,location,tragedy
hollywood movie trapped miners released chile,utah,trapped
hollywood movie trapped miners released chile,worldwide,trapped
hollywood movie trapped miners released chile,puerto rico,trapped
hollywood movie trapped miners released chile 33 hollywood movie trapped miners starring,los mina cityã¢,trapped
hollywood movie trapped miners released chile 33 hollywood movie trapped miners starring,location,trapped
hollywood movie trapped miners released chile 33 hollywood movie trapped miners starring,location,trapped
hollywood movie trapped miners released chile 33 hollywood movie trapped miners starring,like us face,trapped
hollywood movie trapped miners released chile,location,trapped
hollywood movie trapped miners released chile,florida,trapped
sing tsunami beginners computer tutorial everyone wants learn build pc,location,tsunami
ibama declares disaster typhoon devastated sapan ibama signs disaster declaration northern marian,ibadanoyo state,typhoon
ibama declares disaster typhoon devastated sapan ibama signs disaster declaration northern marian,napkin,typhoon
ibama declares disaster typhoon devastated sapan ibama signs disaster declaration northern marian,temaaccra,typhoon
abcnews ibama declares disaster typhoon devastated sapan ibama signs disaster declaration northern,location,typhoon
ibama declares disaster typhoon devastated sapan ibama signs disaster declaration northern marian,location,typhoon
typhoon soudelor taking dead aim taiwan,united states,typhoon
losdelsonido ibama declares disaster typhoon devastated sapan ibama signs disaster declaration northern ivanberroa,republic dominican,typhoon
ibama declares disaster typhoon devastated sapan ibama signs disaster declaration northern marian,new york,typhoon
ibama declares disaster typhoon devastated sapan ibama signs disaster declaration northern marian,santiagorepì¼blica dominican,typhoon
ibama declares disaster typhoon devastated sapan,location,typhoon
ibama declares disaster typhoon devastated sapan ibama signs disaster declaration northern marian,location,typhoon
map typhoon soudelor predicted path approaches taiwan expected make landfall southern china,wilmington delaware,typhoon
global precipitation measurement satellite captures d image typhoon soudelor nasa hurricane,sumo,typhoon
map typhoon soudelor predicted path approaches taiwan expected make landfall southern china,anzioitaly,typhoon
pm satellite bullseye typhoon soudelor,location,typhoon
ibama declares disaster typhoon devastated sapan ibama signs disaster declaration northern marian,dhaka,typhoon
typhoon soudelor taking dead aim taiwan,halifax nova scotia,typhoon
look state actions year ferguson upheaval,location,upheaval
look state actions year ferguson upheaval,oregon,upheaval
ancient mayan tablet hieroglyphics honours lowly king,woolley,upheaval
ancient mayan tablet hieroglyphics honours lowly king,location,upheaval
look state actions year ferguson upheaval,milwaukee wi,upheaval
diane ceo stresses board revolt united spirits impacted indian operations,london uk,upheaval
look state actions year ferguson upheaval,connecticut,upheaval
dramatic video shows plane landing violent storm,it 150225103742992,violent storm
dramatic video shows plane landing violent storm,barbados,violent storm
usgs reports m4 earthquake km volcano hawaii 8615 10401 etc quake,hawaii usa,volcano
shoes asics gti super red 20 11 ronnie fig kith red white mm x gel grey volcano 2,california usa,volcano
breaking ibama officials gave muslim terrorist weapon used texas attack,central florida,weapon
wwii memories plus lessons hiroshima still need nuclear weapons denver billings rapidity seattle cheyenne,rocky mountains,weapons
liked couture video dannyonpc battlefield hardline 11 new weapons new map throwing knives,of of,weapons
liked couture video dannyonpc battlefield hardline 11 new weapons new map throwing knives,nottingham england,weapons
reality training train falls elevated tracks winds or,puerto rico,winds or
texas seeks comment rules changes windsor insurer,san diego ca,winds or
twin board approves 5 percent rate hike texas windsor insurance association twin board directors v,webster tx,winds or
texas seeks comment rules changes windsor insurer,location,winds or
gunmen kill four el salvador bus attack suspected salvadorean gang members killed four people wounded,worldwide global,wounded
one man fatally shot another wounded vermont street buffalo,united states,wounded
police officer wounded suspect dead exchanging shots,location,wounded
officer wounded suspect killed exchange gunfire richmond police officer wounded suspect killed exc,worldwide,wounded
police officer wounded suspect dead exchanging shots,location,wounded
police officer wounded suspect dead exchanging shots richmond police officer wounded suspect killed,paterson new jersey,wounded
wreckage conclusively confirmed mh370 malaysia prime minister investigators families,location,wreckage
wreckage conclusively confirmed mh370 malaysia prime minister investigators families,location,wreckage
wreckage conclusively confirmed mh370 malaysia prime minister investigators families,dubai,wreckage
wreckage conclusively confirmed mh370 malaysia prime minister investigators families,hanna,wreckage
wreckage conclusively confirmed mh370 malaysia prime minister investigators families,location,wreckage
wreckage conclusively confirmed mh370 malaysia prime minister investigators families,dubai maharashtra,wreckage
wreckage conclusively confirmed mh370 malaysia prime minister investigators families,dubai,wreckage
wreckage conclusively confirmed mh370 malaysia prime minister investigators families,dubai,wreckage
wreckage conclusively confirmed mh370 malaysia prime minister investigators families,location,wreckage
wreckage conclusively confirmed mh370 malaysia prime minister investigators families,dublin city ireland,wreckage
science piece wreckage flight mh370 confirmed reunion island possible,tunes,wreckage
wreckage conclusively confirmed mh370 malaysia prime minister investigators families,dubai,wreckage
wreckage conclusively confirmed mh370 malaysia prime minister investigators families,united kingdom,wreckage
science piece wreckage flight mh370 confirmed reunion island possible,tunes,wreckage
wreckage conclusively confirmed mh370 malaysia pm,dubai,wreckage
wreckage conclusively confirmed mh370 malaysia prime minister investigators families,dubai,wreckage
wreckage conclusively confirmed mh370 malaysia pm,location,wreckage
wreckage conclusively confirmed mh370 malaysia prime minister investigators families,dubai,wreckage
wreckage conclusively confirmed mh370 malaysia pm,india,wreckage
wreckage conclusively confirmed mh370 malaysia prime minister investigators families,location,wreckage
wreckage conclusively confirmed mh370 malaysia prime minister investigators families,maharashtra,wreckage
wreckage conclusively confirmed mh370 malaysia prime minister investigators families,dubai,wreckage
wreckage conclusively confirmed mh370 malaysia prime minister investigators families,new delhiindia,wreckage
wreckage conclusively confirmed mh370 malaysia prime minister investigators families,dubai,wreckage
pic ayr old pkk suicide bomber detonated bomb turkey army trench released,location,keyword
severe weather bulletin 5 typhoon hannah soudelor tropical cyclone warning issued 500 pm 06,location,keyword
mh370 aircraft debris found la reunion missing malaysia airlines,location,keyword
evacuation order lifted town roosevelt,location,keyword
worldnews fallen powerlines link tram update fire crews evacuated 30 passengers tr,location,keyword
stormchase violent record breaking e5 el reno oklahoma tornado nearly runs,location,keyword
two giant cranes holding bridge collapse nearby homes,location,keyword
ariaahrary thetawniest control wild fires california even northern part state troubling,location,keyword
m4 0104 etc km volcano hawaii,location,keyword
police investigating bike collided car little portugal bike rider suffered serious non-life threatening injuries,location,keyword
latest homes razed northern california wildfire abc news,location,keyword
